"store_type","total_sales","count_of_orders","sales_percentage"
"Local","313324","78409","65.06221240261142581900"
"Mall Kiosk","53374","13142","11.08319351462697476600"
"Outlet","36647","9207","7.60980613651843115100"
"Super Store","78094","19276","16.21633968470189544300"
"Web Portal","137","43","0.02844826154127282100"
