"Store Type","Revenue","Percentage of Total Revenue","Count of Orders"
"Local",4195453.379999852,0.6500945349140936,"78319"
"Mall Kiosk",704947.320000004,0.10923310513209791,"13128"
"Outlet",507643.4900000012,0.07866045183744355,"9201"
"Super Store",1044493.1000000063,0.16184645485573432,"19263"
"Web Portal",1067.77,0.00016545326063073694,"43"
