total_sales,percentage_of_total_sales,order_count,store_type
store_type,total_sales,percentage_of_total_sales,order_count
Local,4200344.269999847,65.0194751267432,78409
Mall Kiosk,705645.9000000046,10.923087036230077,13142
Outlet,508029.4100000002,7.864071005577417,9207
Super Store,1045045.1900000004,16.176838223198818,19276
Web Portal,1067.77,0.01652860825050541,43
