total_sales,percentage_of_total_sales,count_of_orders,store_type
store_type,total_sales,percentage_of_total_sales,count_of_orders
Local,483801.3590896925,65.09614957533381,78409
Mall Kiosk,81291.60454818327,10.937899097357388,13142
Outlet,58435.5041270622,7.862578816071625,9207
Super Store,119485.86365278065,16.076990083521792,19276
Web Portal,196.07694877752317,0.02638242771767495,43
