Total Revenue,Orders,Store Type
Store Type,Total Revenue,Orders
Local,4200344.26999982,78409
Mall Kiosk,705645.9000000039,13142
Outlet,508029.41000000166,9207
Super Store,1045045.1900000083,19276
Web Portal,1067.77,43
