total_sales,order_count,percentage_of_total_sales,store_type
store_type,total_sales,order_count,percentage_of_total_sales
Local,4200344.269999743,78319,65.01947512673232
Mall Kiosk,705645.9000000049,13128,10.923087036228523
Outlet,508029.4100000016,9201,7.864071005576316
Super Store,1045045.1900000044,19263,16.17683822319657
Web Portal,1067.77,43,0.01652860825050305
