total_sales,percentage_of_total_sales,count_of_orders,store_type
store_type,total_sales,percentage_of_total_sales,count_of_orders
Local,483801.3590896926,65.09614957533383,78409
Mall Kiosk,81291.60454818326,10.937899097357386,13142
Outlet,58435.50412706216,7.862578816071619,9207
Super Store,119485.86365278046,16.076990083521768,19276
Web Portal,196.07694877752317,0.02638242771767495,43
